Year,SL,State/UT,Rape (Sec.376 IPC) (I),Rape (Sec.376 IPC) (V),Rape (Sec.376 IPC) (R),Attempt to Commit Rape (Sec.376/511 IPC) (I),Attempt to Commit Rape (Sec.376/511 IPC) (V),Attempt to Commit Rape (Sec.376/511 IPC) (R),"Murder with Rape/Gang
Rape (I)","Murder with Rape/Gang
Rape (V)","Murder with Rape/Gang
Rape (R)",Rape (Sec.376 IPC) (Total) (I),Rape (Sec.376 IPC) (Total) (V),Rape (Sec.376 IPC) (Total)  (R),"Rape (Sec.376 IPC) Women (18 Yrs.
And above) (I)","Rape (Sec.376 IPC) Women (18 Yrs.
And above)  (V)","Rape (Sec.376 IPC) Women (18 Yrs.
And above)  (R)","Rape (Sec.376 IPC) Girls (Below 18
yrs)  (I)","Rape (Sec.376 IPC) Girls (Below 18
yrs)  (V)","Rape (Sec.376 IPC) Girls (Below 18
yrs)   (R)",Attempt to Commit Rape (Sec. 376/511 IPC) (Total) (I),Attempt to Commit Rape (Sec. 376/511 IPC) (Total) (V),Attempt to Commit Rape (Sec. 376/511 IPC) (Total) (R),"Attempt to Commit Rape (Sec. 376/511 IPC) Women (18 Yrs. And
above) (I)","Attempt to Commit Rape (Sec. 376/511 IPC) Women (18 Yrs. And
above) (V)","Attempt to Commit Rape (Sec. 376/511 IPC) Women (18 Yrs. And
above)  (R)",Attempt to Commit Rape (Sec. 376/511 IPC) Girls (Below 18 yrs) (I),Attempt to Commit Rape (Sec. 376/511 IPC) Girls (Below 18 yrs) (V),Attempt to Commit Rape (Sec. 376/511 IPC) Girls (Below 18 yrs) (R),Total Crime against Women (IPC+SLL) (I),Total Crime against Women (IPC+SLL) (V),Total Crime againstWomen (IPC+SLL) (R),Cases Reported,Child Victims of Rape - Below 6 Years,Child Victims of Rape - 6 Years & Above - Below 12 Years,Child Victims of Rape - 12 Years & Above - Below 16 Years,Child Victims of Rape - 16 Years & Above - Below 18 Years,Total Girl / Child Victims,Women Victims of Rape  - 18 Years & Above - Below 30 Years,Women Victims of Rape - 30 Years & Above - Below 45 Years,Women Victims of Rape - 45 Years & Above - Below 60 Years,Women Victims of Rape - 60 Years & Above,Total Women / Adult Victims,Total Victims (Col.8+Col.13),Cases Offender known to Victim (Total),Cases which Offenders were known to Victim - Family Members,Cases which Offenders were known to Victim - Friends/ Online-Friends or Live in Partners on Pretext of Marriage / Separated Husband,Cases which Offenders were known to Victim - Family Friends/ Neighours/ Employer or Other Known Persons,Cases Offenders Unknown or Not Identified,Total Rape Cases (Known+Unknown Offenders),Percentage Share of Known Cases to Total Rape Cases,Cases Pending Investigation from Previous Year,Cases Reported during the year,Cases Reopened for Investigation,Total Cases for Investigation (Col.3+Col.4+Col.5),Cases Not Investigated Under 157_1_b CRPC,Cases Transferred to Other State or Agency,Cases Withdrawn by the Govt during Investigation,Final Report - Cases Ended as FR Non Cognizable,Final Report - Cases Ended as Final Report False,Final Report - Cases Ended as Mistake of Fact or of law or Civil Dispute,Final Report - Cases True but Insufficient Evidence or Untraced or No Clue,Final Report - Cases Abated during Investigation,Final Report - Total (Col.10+Col.11+Col.12+Col13+Col.14),Charge Sheets Submitted - Cases ChargeSheeted Out of cases frm prv. Year,Charge Sheets Submitted - Cases Chargesheeted Out of Cases during the year,Charge Sheets Submitted - Cases Chargesheeted (Col.16+Col.17),Total Cases Disposed Off by Police (Col.7+8+ 15+18),Cases Quashed  at Investigation Stage,Cases Stayed at Investigation Stage,Cases Pending Invsgn.at end of the year (Cols.6-9-19-20),Chargesheeting Rate (Col.18/19*100),Pendency Percentage (Col.22/6*100),Cases Pending Trial from the Previous Year,Cases Sent for Trial during the year,Total Cases for Trial (Col.3+Col.4),Cases Abated by Court,Cases Withdrawn from Prosecution,Cases Compounded or Compromised,Cases Disposed off by Plea Bargaining,Cases Quashed,Cases Disposed off without Trial (Col.6+Col.7+Col.8+Col.9+Col.10),Cases Stayed or Sent to Record Room,Cases Convicted Out of Cases from Previous Year,Cases Convicted Out of Cases during the Year,Cases Convicted (Col.13+Col.14),Cases Discharged,Cases Acquitted,Cases which Trials were Completed (Col.15+Col.16+ Col.17),Cases Disposed off by Courts (Col.11+Col.18),Cases Pending Trial at End of the Year (Col.5-Col.19),Conviction Rate (Col.15/ Col.18)*100,Pendency Percentage (Col.20/Col.5)*100
2021,1,Andhra Pradesh,1188,1204,4.5,162,162,0.6,2,2,0,1188,1204,4.5,574,590,2.2,614,614,2.3,162,162,0.6,127,127,0.5,35,35,0.1,17752,18481,67.2,1188,17,50,259,288,614,463,108,14,5,590,1204,1183,96,570,517,5,1188,99.6,14202,17752,8,31962,0,23,1,5,805,168,82,29,1089,6789,9295,16084,17196,3,14,14762,93.5,46.2,43466,16084,59550,89,0,4688,0,5,4782,13,136,40,176,3,2948,3127,7909,51641,5.6,86.7
2021,2,Arunachal Pradesh,83,83,11.1,9,9,1.2,0,0,0,83,83,11.1,29,29,3.9,54,54,7.2,9,9,1.2,3,3,0.4,6,6,0.8,366,370,49.1,83,1,3,15,35,54,13,5,11,0,29,83,80,14,9,57,3,83,96.4,332,366,0,698,0,0,0,0,6,10,70,0,86,108,190,298,384,1,0,313,77.6,44.8,2729,298,3027,8,4,6,0,0,18,1,20,1,21,32,12,65,83,2944,32.3,97.3
2021,3,Assam,1733,1835,10,561,563,3.3,46,47,0.3,1733,1835,10,1730,1832,10,3,3,0,561,563,3.3,561,563,3.3,0,0,0,29046,29470,168.3,1733,0,1,2,0,3,1306,470,56,0,1832,1835,1709,177,482,1050,24,1733,98.6,27977,29046,8,57031,0,29,0,6,836,6113,8379,283,15617,4577,12968,17545,33191,2,0,23838,52.9,41.8,78562,17545,96107,4,44,150,61,8,267,0,116,32,148,3,3647,3798,4065,92042,3.9,95.8
2021,4,Bihar,786,786,1.3,63,63,0.1,0,0,0,786,786,1.3,786,786,1.3,0,0,0,63,63,0.1,57,57,0.1,6,6,0,17950,18060,30.2,786,0,0,0,0,0,592,176,18,0,786,786,727,44,396,287,59,786,92.5,17353,17950,0,35303,0,0,0,36,599,3718,1103,0,5456,5828,6548,12376,17832,0,0,17471,69.4,49.5,90936,12376,103312,0,0,593,36,0,629,0,435,86,521,31,430,982,1611,101701,53.1,98.4
2021,5,Chhattisgarh,1093,1093,7.4,7,7,0,8,9,0.1,1093,1093,7.4,1093,1093,7.4,0,0,0,7,7,0,6,6,0,1,1,0,7344,7415,49.8,1093,0,0,0,0,0,769,278,40,6,1093,1093,1088,57,650,381,5,1093,99.5,2189,7344,1,9534,1,0,0,3,707,51,55,56,872,976,5723,6699,7572,0,0,1962,88.5,20.6,28523,6699,35222,4,0,0,34,0,38,0,704,115,819,106,1726,2651,2689,32533,30.9,92.4
2021,6,Goa,72,74,9.3,0,0,0,0,0,0,72,74,9.3,25,25,3.2,47,49,6.1,0,0,0,0,0,0,0,0,0,224,258,28.9,72,2,3,24,20,49,17,8,0,0,25,74,68,9,46,13,4,72,94.4,101,224,0,325,0,0,0,1,1,22,28,0,52,54,124,178,230,0,1,95,77.4,29.2,1664,178,1842,8,0,1,0,2,11,0,4,0,4,9,63,76,87,1755,5.3,95.3
2021,7,Gujarat,589,589,1.8,1,1,0,7,7,0,589,589,1.8,582,582,1.7,7,7,0,1,1,0,1,1,0,0,0,0,7348,7422,22.1,589,0,0,2,5,7,422,147,12,1,582,589,537,37,263,237,52,589,91.2,962,7348,2,8312,0,1,0,0,23,171,285,12,491,416,6452,6868,7360,43,78,909,93.3,10.9,91732,6868,98600,11,2,44,0,7,64,6,123,4,127,10,2398,2535,2599,96001,5,97.4
2021,8,Haryana,1716,1716,12.3,235,235,1.7,11,11,0.1,1716,1716,12.3,1716,1716,12.3,0,0,0,235,235,1.7,235,235,1.7,0,0,0,16658,16826,119.7,1716,0,0,0,0,0,1045,636,31,4,1716,1716,1697,128,523,1046,19,1716,98.9,2672,16658,5,19335,0,3,0,2,6426,1,362,0,6791,1533,7524,9057,15851,4,26,3480,57.1,18,30071,9057,39128,4,0,0,0,8,12,0,457,10,467,0,2174,2641,2653,36475,17.7,93.2
2021,9,Himachal Pradesh,358,360,9.8,3,3,0.1,0,0,0,358,360,9.8,143,143,3.9,215,217,5.9,3,3,0.1,1,1,0,2,2,0.1,1599,1614,43.8,358,10,21,93,93,217,85,47,9,2,143,360,353,45,177,131,5,358,98.6,401,1599,0,2000,0,0,0,0,257,96,23,17,393,282,998,1280,1673,1,0,326,76.5,16.3,8136,1280,9416,3,23,9,0,45,80,0,70,2,72,1,266,339,419,8997,21.2,95.6
2021,10,Jharkhand,1425,1425,7.6,164,164,0.9,20,22,0.1,1425,1425,7.6,1130,1130,6,295,295,1.6,164,164,0.9,159,159,0.8,5,5,0,8110,8121,43,1425,0,2,62,231,295,901,218,10,1,1130,1425,1298,70,560,668,127,1425,91.1,9548,8110,0,17658,0,0,0,63,72,730,587,21,1473,2254,3525,5779,7252,0,0,10406,79.7,58.9,23157,5779,28936,8,2,61,2,0,73,0,251,355,606,35,629,1270,1343,27593,47.7,95.4
2021,11,Karnataka,555,559,1.7,4,4,0,18,20,0.1,555,559,1.7,555,559,1.7,0,0,0,4,4,0,3,3,0,1,1,0,14468,15746,43.8,555,0,0,0,0,0,378,150,30,1,559,559,545,55,210,280,10,555,98.2,5920,14468,0,20388,3,172,0,2,1243,410,74,5,1734,4265,8768,13033,14942,7,79,5439,87.2,26.7,62856,13033,75889,56,2,340,0,78,476,37,495,17,512,17,5690,6219,6695,69194,8.2,91.2
2021,12,Kerala,771,786,4.2,61,61,0.3,2,2,0,771,786,4.2,771,786,4.2,0,0,0,61,61,0.3,41,41,0.2,20,20,0.1,13539,13761,73.3,771,0,0,0,0,0,437,295,43,11,786,786,768,71,446,251,3,771,99.6,5847,13539,104,19490,0,31,0,0,412,130,187,7,736,4323,9094,13417,14184,37,2,5269,94.6,27,67609,13417,81026,89,0,57,0,274,420,59,405,97,502,48,2909,3459,3879,77147,14.5,95.2
2021,13,Madhya Pradesh,2947,2947,7.2,28,28,0.1,35,38,0.1,2947,2947,7.2,2947,2947,7.2,0,0,0,28,28,0.1,24,24,0.1,4,4,0,30673,30813,74.7,2947,0,0,0,0,0,1947,846,139,15,2947,2947,2898,292,1145,1461,49,2947,98.3,4202,30673,0,34875,0,15,0,214,3509,188,1151,0,5062,1558,24534,26092,31169,0,1,3706,83.7,10.6,104212,26092,130304,6,1,2001,416,14,2438,14,3703,354,4057,1702,6336,12095,14533,115771,33.5,88.8
2021,14,Maharashtra,2496,2506,4.2,1,1,0,23,23,0,2496,2506,4.2,2468,2478,4.1,28,28,0,1,1,0,1,1,0,0,0,0,39526,40193,66,2496,0,7,14,7,28,1605,795,69,9,2478,2506,2496,163,1425,908,0,2496,100,26060,39526,1,65587,0,145,0,200,657,4971,797,63,6688,11618,20267,31885,38718,61,27,26808,82.4,40.9,229242,31885,261127,136,5,800,0,58,999,3,851,145,996,237,6043,7276,8275,252852,13.7,96.8
2021,15,Manipur,26,26,1.6,0,0,0,0,0,0,26,26,1.6,26,26,1.6,0,0,0,0,0,0,0,0,0,0,0,0,302,310,19.1,26,0,0,0,0,0,19,7,0,0,26,26,26,1,22,3,0,26,100,1406,302,0,1708,0,0,0,10,1,9,111,2,133,78,47,125,258,0,0,1450,48.4,84.9,863,125,988,0,2,0,0,1,3,0,8,0,8,1,18,27,30,958,29.6,97
2021,16,Meghalaya,75,75,4.6,26,26,1.6,4,4,0.2,75,75,4.6,74,74,4.5,1,1,0.1,26,26,1.6,23,23,1.4,3,3,0.2,685,697,41.7,75,0,0,0,1,1,47,24,2,1,74,75,74,10,11,53,1,75,98.7,882,685,0,1567,0,0,0,0,1,14,150,5,170,223,319,542,712,0,0,855,76.1,54.6,2467,542,3009,12,2,3,0,0,17,1,64,2,66,6,38,110,127,2882,60,95.8
2021,17,Mizoram,26,26,4.3,0,0,0,0,0,0,26,26,4.3,24,24,4,2,2,0.3,0,0,0,0,0,0,0,0,0,176,181,29.1,26,0,2,0,0,2,11,11,2,0,24,26,26,6,5,15,0,26,100,24,176,0,200,0,1,0,0,1,0,7,0,8,5,164,169,178,0,0,22,94.9,11,694,169,863,0,0,0,0,0,0,0,31,14,45,0,10,55,55,808,81.8,93.6
2021,18,Nagaland,4,4,0.4,0,0,0,0,0,0,4,4,0.4,4,4,0.4,0,0,0,0,0,0,0,0,0,0,0,0,54,56,5.1,4,0,0,0,0,0,3,1,0,0,4,4,4,0,2,2,0,4,100,19,54,0,73,0,0,0,0,0,0,10,0,10,5,36,41,51,0,0,22,80.4,30.1,189,41,230,0,0,0,0,0,0,0,2,5,7,1,3,11,11,219,63.6,95.2
2021,19,Odisha,1456,1456,6.4,151,151,0.7,12,12,0.1,1456,1456,6.4,1456,1456,6.4,0,0,0,151,151,0.7,151,151,0.7,0,0,0,31352,31996,137.8,1456,0,0,0,0,0,1362,87,7,0,1456,1456,1455,2,1233,220,1,1456,99.9,9386,31352,0,40738,0,0,0,0,258,2725,3263,2,6248,4207,20986,25193,31441,0,2,9297,80.1,22.8,135313,25193,160506,0,0,0,0,0,0,0,193,0,193,0,2120,2313,2313,158193,8.3,98.6
2021,20,Punjab,464,508,3.2,60,60,0.4,4,4,0,464,508,3.2,454,498,3.1,10,10,0.1,60,60,0.4,36,36,0.2,24,24,0.2,5662,5779,39.2,464,0,1,3,6,10,343,138,13,4,498,508,461,51,179,231,3,464,99.4,5830,5662,0,11492,0,1,0,0,790,249,190,0,1229,2002,1740,3742,4972,62,13,6458,75.3,56.2,11406,3742,15148,8,0,0,0,24,32,15,289,18,307,50,1116,1473,1505,13643,20.8,90.1
2021,21,Rajasthan,6337,6342,16.4,987,988,2.6,14,14,0,6337,6342,16.4,4885,4889,12.6,1452,1453,3.8,987,988,2.6,938,938,2.4,49,50,0.1,40738,40812,105.4,6337,18,64,442,929,1453,3265,1305,315,4,4889,6342,6074,582,1701,3791,263,6337,95.8,5065,40738,0,45803,0,3,0,11,12516,6201,114,3,18845,2546,19986,22532,41380,8,7,4415,54.5,9.6,93508,22532,116040,13,84,677,792,26,1592,2,4063,117,4180,1062,4004,9246,10838,105202,45.2,90.7
2021,22,Sikkim,8,8,2.5,0,0,0,1,1,0.3,8,8,2.5,8,8,2.5,0,0,0,0,0,0,0,0,0,0,0,0,130,134,40.6,8,0,0,0,0,0,5,2,1,0,8,8,8,2,4,2,0,8,100,57,130,0,187,0,0,0,0,0,0,2,0,2,14,104,118,120,0,4,67,98.3,35.8,353,118,471,0,0,0,3,0,3,2,22,2,24,3,37,64,67,404,37.5,85.8
2021,23,Tamil Nadu,422,422,1.1,20,20,0.1,5,5,0,422,422,1.1,422,422,1.1,0,0,0,20,20,0.1,20,20,0.1,0,0,0,8501,8852,22.2,422,0,0,0,0,0,301,87,26,8,422,422,415,30,238,147,7,422,98.3,6577,8501,4,15082,0,21,0,0,49,473,248,17,787,2066,3576,5642,6450,37,0,8595,87.5,57,22568,5642,28210,42,12,4,0,75,133,0,485,15,500,22,2264,2786,2919,25291,17.9,89.7
2021,24,Telangana,823,823,4.4,36,36,0.2,12,12,0.1,823,823,4.4,823,823,4.4,0,0,0,36,36,0.2,31,31,0.2,5,5,0,20865,21066,111.2,823,0,0,0,0,0,584,212,26,1,823,823,819,129,501,189,4,823,99.5,9781,20865,31,30677,0,4,0,0,787,939,771,210,2707,6840,12597,19437,22148,2,44,8527,87.8,27.8,49935,19437,69372,90,0,4955,0,44,5089,126,360,46,406,0,3211,3617,8706,60666,11.2,87.5
2021,25,Tripura,61,61,3,14,14,0.7,1,1,0,61,61,3,61,61,3,0,0,0,14,14,0.7,14,14,0.7,0,0,0,807,809,40.2,61,0,0,0,0,0,45,16,0,0,61,61,60,6,35,19,1,61,98.4,339,807,3,1149,0,0,0,0,5,114,28,0,147,230,583,813,960,0,0,189,84.7,16.4,4702,813,5515,0,0,123,0,0,123,0,47,0,47,0,197,244,367,5148,19.3,93.3
2021,26,Uttar Pradesh,2845,2845,2.6,277,278,0.2,48,48,0,2845,2845,2.6,2589,2589,2.3,256,256,0.2,277,278,0.2,261,262,0.2,16,16,0,56083,56704,50.5,2845,4,24,92,136,256,1974,526,86,3,2589,2845,2668,149,1123,1396,177,2845,93.8,11535,56083,0,67618,15,15,0,51,1159,1778,10133,8,13129,7344,35383,42727,55886,0,0,11732,76.5,17.4,211604,42727,254331,0,0,28,325,0,353,88,6838,875,7713,557,4787,13057,13410,240921,59.1,94.7
2021,27,Uttarakhand,534,534,9.6,33,33,0.6,0,0,0,534,534,9.6,534,534,9.6,0,0,0,33,33,0.6,28,28,0.5,5,5,0.1,3431,3634,61.5,534,0,0,0,0,0,322,185,27,0,534,534,522,16,155,351,12,534,97.8,1646,3431,0,5077,0,0,0,1,51,5,523,0,580,368,2180,2548,3128,0,0,1949,81.5,38.4,8628,2548,11176,0,0,0,0,0,0,13,184,12,196,1,218,415,415,10761,47.2,96.3
2021,28,West Bengal,1123,1123,2.3,875,882,1.8,5,5,0,1123,1123,2.3,1123,1123,2.3,0,0,0,875,882,1.8,875,882,1.8,0,0,0,35884,36144,74.6,1123,0,0,0,0,0,671,396,55,1,1123,1123,911,26,4,881,212,1123,81.1,12758,35884,4,48646,0,31,0,1,37,1039,1235,0,2312,7501,27064,34565,36908,0,0,11738,93.7,24.1,303359,34565,337924,0,0,173,0,0,173,0,133,21,154,106,5862,6122,6295,331629,2.5,98.1
2021,29,A&N Islands,15,15,7.9,2,2,1.1,0,0,0,15,15,7.9,15,15,7.9,0,0,0,2,2,1.1,2,2,1.1,0,0,0,169,171,89.4,15,0,0,0,0,0,9,5,1,0,15,15,15,2,9,4,0,15,100,8,169,3,180,0,0,0,0,1,1,3,0,5,7,160,167,172,0,0,8,97.1,4.4,928,167,1095,2,0,0,0,0,2,0,15,2,17,2,126,145,147,948,11.7,86.6
2021,30,Chandigarh,74,74,13.3,0,0,0,1,1,0.2,74,74,13.3,28,28,5,46,46,8.3,0,0,0,0,0,0,0,0,0,343,343,61.7,74,1,5,22,18,46,17,11,0,0,28,74,68,8,47,13,6,74,91.9,468,343,0,811,0,0,0,0,0,151,19,0,170,99,78,177,347,0,0,464,51,57.2,882,177,1059,3,0,0,0,55,58,0,20,0,20,1,66,87,145,914,23,86.3
2021,31,D&N Haveli and Daman & Diu,3,3,0.8,0,0,0,3,3,0.8,3,3,0.8,3,3,0.8,0,0,0,0,0,0,0,0,0,0,0,0,99,99,25.3,3,0,0,0,0,0,3,0,0,0,3,3,3,1,2,0,0,3,100,39,99,0,138,0,0,0,0,0,24,1,0,25,16,55,71,96,0,0,42,74,30.4,218,71,289,0,1,1,0,0,2,0,2,0,2,0,51,53,55,234,3.8,81
2021,32,Delhi,1250,1251,12.9,6,6,0.1,2,2,0,1250,1251,12.9,1250,1251,12.9,0,0,0,6,6,0.1,4,4,0,2,2,0,14277,14508,147.6,1250,0,0,0,0,0,905,328,17,1,1251,1251,1224,111,623,490,26,1250,97.9,16535,14277,0,30812,0,4,0,0,0,3055,805,2,3862,4797,4741,9538,13404,151,0,17257,71.2,56,64177,9538,73715,7,0,201,36,217,461,13,271,3,274,84,355,713,1174,72541,38.4,98.4
2021,33,Jammu & Kashmir,315,315,4.9,14,14,0.2,0,0,0,315,315,4.9,313,313,4.9,2,2,0,14,14,0.2,14,14,0.2,0,0,0,3937,3942,61.6,315,0,0,0,2,2,198,106,9,0,313,315,288,34,152,102,27,315,91.4,2329,3937,9,6275,0,0,0,0,1135,4,57,0,1196,801,2346,3147,4343,4,55,1928,72.5,30.7,14382,3147,17529,17,0,284,3,3,307,0,45,7,52,3,519,574,881,16648,9.1,95
2021,34,Ladakh,2,2,1.5,0,0,0,0,0,0,2,2,1.5,1,1,0.8,1,1,0.8,0,0,0,0,0,0,0,0,0,18,18,13.8,2,0,0,0,1,1,1,0,0,0,1,2,2,0,2,0,0,2,100,4,18,0,22,0,0,0,0,1,0,1,0,2,1,11,12,14,0,0,8,85.7,36.4,29,12,41,0,0,4,0,0,4,0,4,0,4,0,4,8,12,29,50,70.7
2021,35,Lakshadweep,0,0,0,0,0,0,0,0,0,0,0,0,0,0,0,0,0,0,0,0,0,0,0,0,0,0,0,9,9,27.3,0,0,0,0,0,0,0,0,0,0,0,0,0,0,0,0,0,0,-,53,9,0,62,0,0,0,0,0,0,6,0,6,20,4,24,30,0,0,32,80,51.6,48,24,72,0,0,0,0,0,0,0,0,0,0,0,2,2,2,70,0,97.2
2021,36,Puducherry,2,2,0.2,0,0,0,0,0,0,2,2,0.2,2,2,0.2,0,0,0,0,0,0,0,0,0,0,0,0,153,154,18.5,2,0,0,0,0,0,0,1,1,0,2,2,1,0,1,0,1,2,50,84,153,0,237,0,1,0,0,0,2,1,0,3,50,112,162,166,0,0,71,97.6,30,524,162,686,0,0,0,0,0,0,0,0,0,0,0,14,14,14,672,0,98
2020,1,Andhra Pradesh,5,5,0,1095,1107,4.2,5,5,0,1095,1107,4.2,518,520,2,577,587,2.2,141,141,0.5,101,101,0.4,40,40,0.2,17089,17219,65,1095,27,74,214,272,587,411,87,20,2,520,1107,1088,91,500,497,7,1095,99.4,11400,17089,26,28515,0,18,0,1,742,298,112,34,1187,5838,7268,13106,14311,2,19,14202,91.6,49.8,37493,13106,50599,38,1,2721,0,6,2766,8,253,26,279,217,3871,4367,7133,43466,6.4,85.9
2020,2,Arunachal Pradesh,0,0,0,60,63,8.1,0,0,0,60,63,8.1,31,34,4.2,29,29,3.9,2,5,0.3,2,5,0.3,0,0,0,281,296,38,60,1,6,14,8,29,20,14,0,0,34,63,49,13,7,29,11,60,81.7,364,281,0,645,0,0,0,0,1,29,56,0,86,92,135,227,313,0,0,332,72.5,51.5,2506,227,2733,0,0,0,0,0,0,10,1,0,1,2,1,4,4,2729,25,99.9
2020,3,Assam,26,26,0.2,1657,1658,9.7,26,26,0.2,1657,1658,9.7,1639,1640,9.6,18,18,0.1,485,485,2.8,485,485,2.8,0,0,0,26352,27028,154.3,1657,0,0,6,12,18,1006,584,50,0,1640,1658,1457,173,457,827,200,1657,87.9,27198,26352,0,53550,0,3,0,53,646,3338,4921,298,9256,5371,10943,16314,25573,0,0,27977,63.8,52.2,66521,16314,82835,0,5,39,0,0,44,0,68,72,140,21,4068,4229,4273,78562,3.3,94.8
2020,4,Bihar,3,3,0,806,806,1.4,3,3,0,806,806,1.4,805,805,1.4,1,1,0,69,72,0.1,64,67,0.1,5,5,0,15359,15457,26.3,806,0,0,1,0,1,631,156,18,0,805,806,790,132,412,246,16,806,98,13657,15359,0,29016,0,0,0,47,422,1872,146,0,2487,4220,5567,9787,12274,0,0,16742,79.7,57.7,81678,9787,91465,0,0,133,0,0,133,0,165,9,174,0,222,396,529,90936,43.9,99.4
2020,5,Chhattisgarh,8,8,0.1,1210,1212,8.3,8,8,0.1,1210,1212,8.3,1197,1199,8.2,13,13,0.1,118,118,0.8,114,114,0.8,4,4,0,7385,7642,50.7,1210,0,0,4,9,13,734,398,62,5,1199,1212,1184,87,536,561,26,1210,97.9,1971,7385,0,9356,1,0,0,6,701,35,91,45,878,789,5499,6288,7167,0,0,2189,87.7,23.4,24631,6288,30919,2,0,32,2,7,43,0,740,130,870,189,1261,2320,2363,28556,37.5,92.4
2020,6,Goa,1,1,0.1,60,61,7.8,1,1,0.1,60,61,7.8,19,19,2.5,41,42,5.3,0,0,0,0,0,0,0,0,0,219,239,28.5,60,2,5,23,12,42,12,5,2,0,19,61,59,5,29,25,1,60,98.3,112,219,0,331,0,0,0,0,1,29,24,0,54,57,119,176,230,0,0,101,76.5,30.5,1563,176,1739,0,0,0,0,0,0,0,11,0,11,6,58,75,75,1664,14.7,95.7
2020,7,Gujarat,7,7,0,486,486,1.5,7,7,0,486,486,1.5,486,486,1.5,0,0,0,3,3,0,3,3,0,0,0,0,8028,8071,24.4,486,0,0,0,0,0,350,126,8,2,486,486,457,30,229,198,29,486,94,937,8028,4,8969,1,2,6,0,13,152,249,14,428,412,7110,7522,7953,48,89,962,94.6,10.7,85531,7522,93053,4,1,88,0,7,100,14,54,5,59,4,1158,1221,1321,91732,4.8,98.6
2020,8,Haryana,2,2,0,1373,1373,10,2,2,0,1373,1373,10,1373,1373,10,0,0,0,215,215,1.6,213,213,1.6,2,2,0,13000,13049,94.7,1373,0,0,0,0,0,826,494,51,2,1373,1373,1336,117,349,870,37,1373,97.3,2893,13000,3,15896,0,0,0,0,5048,4,510,0,5562,1478,6184,7662,13224,0,1,2672,57.9,16.8,23456,7662,31118,0,0,0,0,2,2,0,164,4,168,1,876,1045,1047,30071,16.1,96.6
2020,9,Himachal Pradesh,8,8,0.2,331,332,9.1,8,8,0.2,331,332,9.1,135,135,3.7,196,197,5.4,3,3,0.1,3,3,0.1,0,0,0,1614,1622,44.5,331,8,20,91,78,197,78,53,3,1,135,332,329,51,119,159,2,331,99.4,384,1614,1,1999,0,0,0,0,206,70,33,28,337,278,983,1261,1598,0,0,401,78.9,20.1,7173,1261,8434,1,28,6,0,18,53,0,48,1,49,0,196,245,298,8136,20,96.5
2020,10,Jharkhand,9,9,0,1321,1326,7.1,9,9,0,1321,1326,7.1,1205,1210,6.5,116,116,0.6,188,202,1,143,157,0.8,45,45,0.2,7630,7706,41,1321,0,0,3,113,116,821,364,25,0,1210,1326,1200,111,356,733,121,1321,90.8,9157,7630,0,16787,0,0,0,106,113,573,735,8,1535,2484,3220,5704,7239,0,0,9548,78.8,56.9,19416,5704,25120,1,2,16,0,0,19,0,443,549,992,49,903,1944,1963,23157,51,92.2
2020,11,Karnataka,7,8,0,504,507,1.5,7,8,0,504,507,1.5,504,507,1.5,0,0,0,11,11,0,11,11,0,0,0,0,12680,13534,38.7,504,0,0,0,0,0,387,115,5,0,507,507,497,45,219,233,7,504,98.6,5475,12680,0,18155,0,218,0,0,1271,324,62,1,1658,3383,6971,10354,12230,5,34,5920,84.7,32.6,56595,10354,66949,33,0,266,0,35,334,8,160,3,163,265,3331,3759,4093,62856,4.3,93.9
2020,12,Kerala,1,1,0,637,647,3.5,1,1,0,637,647,3.5,637,647,3.5,0,0,0,59,60,0.3,49,50,0.3,10,10,0.1,10139,10316,55.1,637,0,0,0,0,0,359,247,31,10,647,647,628,55,290,283,9,637,98.6,5732,10139,91,15962,0,9,1,4,293,185,88,17,587,3897,5600,9497,10093,32,3,5836,94.1,36.6,65908,9497,75405,118,0,438,1,164,721,90,1319,48,1367,224,5551,7142,7863,67542,19.1,89.6
2020,13,Madhya Pradesh,27,27,0.1,2339,2341,5.8,27,27,0.1,2339,2341,5.8,2329,2331,5.7,10,10,0,35,35,0.1,24,24,0.1,11,11,0,25640,25998,63.3,2339,2,7,0,1,10,1587,657,81,6,2331,2341,2306,209,1042,1055,33,2339,98.6,4992,25640,0,30632,0,1,0,0,2518,467,1297,0,4282,1438,20703,22141,26424,6,0,4202,83.8,13.7,89462,22141,111603,2,0,1013,340,1,1356,17,1741,276,2017,971,3092,6080,7436,104167,33.2,93.3
2020,14,Maharashtra,20,23,0,2061,2065,3.5,20,23,0,2061,2065,3.5,2061,2065,3.5,0,0,0,3,3,0,2,2,0,1,1,0,31954,32363,53.8,2061,0,0,0,0,0,1420,577,61,7,2065,2065,2056,113,1047,896,5,2061,99.8,27209,31954,1,59164,0,106,3,216,556,4180,818,73,5843,11460,15644,27104,33053,48,23,26060,82,44,207203,27104,234307,46,8,628,0,16,698,6,634,34,668,44,3655,4367,5065,229242,15.3,97.8
2020,15,Manipur,2,2,0.1,32,32,2,2,2,0.1,32,32,2,30,30,1.9,2,2,0.1,5,5,0.3,5,5,0.3,0,0,0,247,248,15.8,32,0,0,0,2,2,25,5,0,0,30,32,31,1,25,5,1,32,96.9,1355,247,0,1602,0,0,0,1,0,6,79,0,86,57,53,110,196,0,0,1406,56.1,87.8,763,110,873,1,0,0,0,0,1,0,2,0,2,0,7,9,10,863,22.2,98.9
2020,16,Meghalaya,2,2,0.1,67,67,4.1,2,2,0.1,67,67,4.1,66,66,4.1,1,1,0.1,19,19,1.2,17,17,1,2,2,0.1,568,574,34.9,67,0,0,1,0,1,45,18,2,1,66,67,61,9,7,45,6,67,91,885,568,0,1453,0,0,0,0,0,15,176,3,194,187,190,377,571,0,0,882,66,60.7,2238,377,2615,13,1,6,0,0,20,0,53,10,63,25,40,128,148,2467,49.2,94.3
2020,17,Mizoram,0,0,0,33,33,5.5,0,0,0,33,33,5.5,18,18,3,15,15,2.5,1,1,0.2,1,1,0.2,0,0,0,172,173,28.8,33,1,0,14,0,15,12,4,1,1,18,33,33,11,7,15,0,33,100,19,172,2,193,0,0,0,0,0,0,2,0,2,8,159,167,169,0,0,24,98.8,12.4,624,167,791,2,0,0,0,0,2,0,56,16,72,2,21,95,97,694,75.8,87.7
2020,18,Nagaland,0,0,0,4,4,0.4,0,0,0,4,4,0.4,3,3,0.3,1,1,0.1,0,0,0,0,0,0,0,0,0,39,41,3.7,4,0,0,1,0,1,2,1,0,0,3,4,4,0,0,4,0,4,100,17,39,0,56,0,0,0,0,0,1,11,0,12,5,20,25,37,0,0,19,67.6,33.9,181,25,206,0,0,1,0,0,1,0,10,3,13,2,1,16,17,189,81.3,91.7
2020,19,Odisha,18,20,0.1,1211,1211,5.4,18,20,0.1,1211,1211,5.4,1194,1194,5.3,17,17,0.1,144,144,0.6,144,144,0.6,0,0,0,25489,25540,112.9,1211,0,0,4,13,17,1150,44,0,0,1194,1211,1170,3,1090,77,41,1211,96.6,11604,25489,0,37093,0,2,0,0,306,3916,754,0,4976,6317,16412,22729,27707,0,0,9386,82,25.3,114155,22729,136884,0,0,0,0,0,0,0,144,0,144,0,1427,1571,1571,135313,9.2,98.9
2020,20,Punjab,5,6,0,502,504,3.5,5,6,0,502,504,3.5,440,442,3.1,62,62,0.4,53,53,0.4,27,27,0.2,26,26,0.2,4838,4875,33.8,502,7,2,21,32,62,315,110,16,1,442,504,498,42,213,243,4,502,99.2,5593,4838,0,10431,0,0,0,0,700,191,158,0,1049,1825,1693,3518,4567,34,0,5830,77,55.9,8693,3518,12211,0,0,0,0,31,31,0,186,8,194,14,566,774,805,11406,25.1,93.4
2020,21,Rajasthan,8,8,0,5310,5337,13.9,8,8,0,5310,5337,13.9,4031,4058,10.6,1279,1279,3.4,965,968,2.5,887,890,2.3,78,78,0.2,34535,34763,90.5,5310,21,64,374,820,1279,2617,1216,225,0,4058,5337,5046,721,1531,2794,264,5310,95,3851,34535,0,38386,1,5,0,24,10491,4401,86,1,15003,1813,16498,18311,33320,1,5,5065,55,13.2,83860,18311,102171,17,28,248,389,16,698,7,3289,491,3780,1048,3137,7965,8663,93508,47.5,91.5
2020,22,Sikkim,0,0,0,12,13,3.8,0,0,0,12,13,3.8,9,9,2.8,3,4,0.9,1,1,0.3,1,1,0.3,0,0,0,140,146,44.2,12,0,0,3,1,4,6,1,2,0,9,13,12,2,3,7,0,12,100,33,140,0,173,0,1,0,0,0,0,3,6,9,13,93,106,116,0,0,57,91.4,32.9,277,106,383,0,0,0,1,0,1,2,11,0,11,3,15,29,30,353,37.9,92.2
2020,23,Tamil Nadu,3,3,0,389,390,1,3,3,0,389,390,1,389,390,1,0,0,0,15,15,0,15,15,0,0,0,0,6630,6888,17.4,389,0,0,0,0,0,306,71,5,8,390,390,381,40,219,122,8,389,97.9,5553,6630,7,12190,0,26,0,2,25,440,242,20,729,1893,2945,4838,5593,20,0,6577,86.5,54,19713,4838,24551,25,82,3,0,47,157,3,334,58,392,58,1376,1826,1983,22568,21.5,91.9
2020,24,Telangana,14,14,0.1,764,765,4.1,14,14,0.1,764,765,4.1,764,765,4.1,0,0,0,35,35,0.2,32,32,0.2,3,3,0,17791,18337,95.4,764,0,0,0,0,0,546,186,29,4,765,765,755,98,434,223,9,764,98.8,10957,17791,43,28791,0,16,0,0,854,606,291,106,1857,7765,9359,17124,18997,13,8,9781,90.1,34,39620,17124,56744,27,0,3636,0,16,3679,197,680,121,801,0,2329,3130,6809,49935,25.6,88
2020,25,Tripura,2,2,0.1,79,79,4,2,2,0.1,79,79,4,79,79,4,0,0,0,13,13,0.7,13,13,0.7,0,0,0,874,880,44,79,0,0,0,0,0,55,18,4,2,79,79,78,6,29,43,1,79,98.7,428,874,0,1302,0,0,0,1,13,116,39,0,169,250,544,794,963,0,0,339,82.5,26,4115,794,4909,0,0,23,0,0,23,0,34,0,34,0,150,184,207,4702,18.5,95.8
2020,26,Uttar Pradesh,31,31,0,2769,2796,2.5,31,31,0,2769,2796,2.5,2565,2590,2.3,204,206,0.2,251,251,0.2,188,188,0.2,63,63,0.1,49385,49761,45.1,2769,8,30,99,69,206,2033,487,70,0,2590,2796,2568,181,943,1444,201,2769,92.7,15501,49385,0,64886,0,7,0,209,753,1431,9765,77,12235,10175,30934,41109,53351,0,0,11535,77.1,17.8,184437,41109,225546,5,5,160,18,0,188,12,7848,538,8386,640,4728,13754,13942,211604,61,93.8
2020,27,Uttarakhand,0,0,0,487,487,8.8,0,0,0,487,487,8.8,482,482,8.7,5,5,0.1,12,12,0.2,12,12,0.2,0,0,0,2846,2848,51.6,487,0,0,3,2,5,301,168,13,0,482,487,457,5,94,358,30,487,93.8,1348,2846,0,4194,0,0,0,0,19,1,466,25,511,215,1822,2037,2548,0,0,1646,79.9,39.2,6836,2037,8873,8,0,0,0,0,8,9,62,37,99,3,135,237,245,8628,41.8,97.2
2020,28,West Bengal,9,9,0,1128,1128,2.4,9,9,0,1128,1128,2.4,1128,1128,2.4,0,0,0,872,927,1.8,872,927,1.8,0,0,0,36439,36975,76.2,1128,0,0,0,0,0,806,290,31,1,1128,1128,1012,13,2,997,116,1128,89.7,11883,36439,1,48323,1,67,0,2,108,3497,531,0,4138,6332,25022,31354,35560,0,0,12763,88.2,26.4,275741,31354,307095,0,0,84,0,1,85,0,59,14,73,134,3443,3650,3735,303360,2,98.8
2020,29,A&N Islands,0,0,0,2,2,1.1,0,0,0,2,2,1.1,2,2,1.1,0,0,0,1,1,0.5,1,1,0.5,0,0,0,143,144,76.1,2,0,0,0,0,0,2,0,0,0,2,2,2,0,2,0,0,2,100,18,143,0,161,0,1,0,0,0,3,0,0,3,14,135,149,153,0,0,8,97.4,5,837,149,986,0,0,0,0,0,0,0,14,1,15,7,36,58,58,928,25.9,94.1
2020,30,Chandigarh,0,0,0,60,60,10.9,0,0,0,60,60,10.9,14,14,2.6,46,46,8.4,3,3,0.5,1,1,0.2,2,2,0.4,301,304,54.8,60,3,3,16,24,46,8,6,0,0,14,60,56,8,32,16,4,60,93.3,474,301,0,775,0,2,0,0,0,95,13,0,108,128,69,197,307,0,0,468,64.2,60.4,752,197,949,3,0,0,0,23,26,0,11,0,11,0,30,41,67,882,26.8,92.9
2020,31,D&N Haveli and Daman & Diu,0,0,0,4,4,1.1,0,0,0,4,4,1.1,4,4,1.1,0,0,0,0,0,0,0,0,0,0,0,0,61,61,16.3,4,0,0,0,0,0,2,2,0,0,4,4,4,0,4,0,0,4,100,48,61,0,109,0,0,0,0,0,0,2,0,2,32,25,57,59,0,0,50,96.6,45.9,200,57,257,0,0,1,0,0,1,0,1,1,2,0,29,31,32,225,6.5,87.5
2020,32,Delhi,1,1,0,997,997,10.5,1,1,0,997,997,10.5,997,997,10.5,0,0,0,9,9,0.1,7,7,0.1,2,2,0,10093,10213,106.4,997,0,0,0,0,0,677,271,44,5,997,997,949,104,424,421,48,997,95.2,18595,10093,0,28688,0,1,7,0,0,1809,1188,4,3001,5310,3718,9028,12030,116,0,16535,75,57.6,56409,9028,65437,11,0,117,26,255,409,7,397,6,403,60,388,851,1260,64177,47.4,98.1
2020,33,Jammu & Kashmir,0,0,0,243,247,3.8,0,0,0,243,247,3.8,240,244,3.8,3,3,0,10,10,0.2,9,9,0.1,1,1,0,3405,3439,53.7,243,0,0,1,2,3,180,55,9,0,244,247,242,26,97,119,1,243,99.6,1583,3405,5,4993,0,0,0,0,649,1,13,0,663,349,1654,2003,2666,0,57,2327,75.1,46.6,13009,2003,15012,1,0,74,0,0,75,0,19,0,19,3,533,555,630,14382,3.4,95.8
2020,34,Ladakh,0,0,0,2,2,1.6,0,0,0,2,2,1.6,1,1,0.8,1,1,0.8,0,0,0,0,0,0,0,0,0,9,9,7,2,0,0,0,1,1,0,1,0,0,1,2,2,0,0,2,0,2,100,6,9,0,15,0,0,0,0,0,0,2,0,2,3,6,9,11,0,0,4,81.8,26.7,40,9,49,0,0,0,0,0,0,0,14,0,14,0,6,20,20,29,70,59.2
2020,35,Lakshadweep,0,0,0,3,3,9.1,0,0,0,3,3,9.1,3,3,9.1,0,0,0,0,0,0,0,0,0,0,0,0,15,15,45.5,3,0,0,0,0,0,2,1,0,0,3,3,3,0,3,0,0,3,100,46,15,0,61,0,0,0,0,0,0,0,0,0,7,1,8,8,0,0,53,100,86.9,43,8,51,0,0,0,0,0,0,0,2,0,2,0,1,3,3,48,66.7,94.1
2020,36,Puducherry,0,0,0,8,8,1,0,0,0,8,8,1,8,8,1,0,0,0,0,0,0,0,0,0,0,0,0,113,113,14,8,0,0,0,0,0,8,0,0,0,8,8,8,0,0,8,0,8,100,84,113,0,197,0,0,0,0,0,0,0,0,0,23,87,110,110,3,0,84,100,42.6,523,110,633,0,0,0,0,0,0,0,47,16,63,14,32,109,109,524,57.8,82.8
